-- phpMyAdmin SQL Dump
-- version 5.2.0
-- https://www.phpmyadmin.net/
--
-- Host: 127.0.0.1
-- Generation Time: Mar 22, 2023 at 06:46 PM
-- Server version: 10.4.27-MariaDB
-- PHP Version: 8.1.12

SET SQL_MODE = "NO_AUTO_VALUE_ON_ZERO";
START TRANSACTION;
SET time_zone = "+00:00";


/*!40101 SET @OLD_CHARACTER_SET_CLIENT=@@CHARACTER_SET_CLIENT */;
/*!40101 SET @OLD_CHARACTER_SET_RESULTS=@@CHARACTER_SET_RESULTS */;
/*!40101 SET @OLD_COLLATION_CONNECTION=@@COLLATION_CONNECTION */;
/*!40101 SET NAMES utf8mb4 */;

--
-- Database: `creslms`
--

-- --------------------------------------------------------

--
-- Table structure for table `activity_log`
--

CREATE TABLE `activity_log` (
  `id` int(11) NOT NULL,
  `date` timestamp NULL DEFAULT NULL,
  `name` varchar(225) DEFAULT NULL,
  `action` varchar(225) DEFAULT NULL
) ENGINE=InnoDB DEFAULT CHARSET=utf8mb4 COLLATE=utf8mb4_general_ci;

--
-- Dumping data for table `activity_log`
--

INSERT INTO `activity_log` (`id`, `date`, `name`, `action`) VALUES
(11, '2023-03-15 18:30:00', 'admin1', 'Added student arish'),
(13, '2023-03-15 18:30:00', 'admin 2', 'Added subject javvaa'),
(14, '2023-03-16 17:14:07', 'admin 2', 'Added subject javaaaa'),
(15, '2023-03-16 17:15:40', 'admin 2', 'Added subject javaaa'),
(16, '2023-03-16 17:16:15', 'admin 2', 'Added subject javaaa'),
(17, '2023-03-16 17:16:15', 'admin 2', 'Added subject javaaa'),
(18, '2023-03-16 17:22:11', 'admin 2', 'Added subject javaaaa'),
(19, '2023-03-16 17:23:14', 'admin 2', 'Added subject aaaaa'),
(20, '2023-03-18 10:48:53', 'admin1', 'Added student priya'),
(21, '2023-03-18 11:12:06', 'admin1', 'Added student muzu'),
(22, '2023-03-18 11:32:20', 'admin1', 'Added student zzzz'),
(23, '2023-03-18 13:33:38', 'admin 2', 'Added subject java'),
(24, '2023-03-18 13:35:07', 'admin 2', 'Added subject Python'),
(25, '2023-03-18 14:27:42', 'admin 2', 'Added subject java2'),
(26, '2023-03-18 14:36:09', 'admin 2', 'Added subject java3'),
(27, '2023-03-18 14:37:26', 'admin 2', 'Added subject java2'),
(28, '2023-03-18 14:39:20', 'admin 2', 'Added subject java2'),
(29, '2023-03-18 14:41:27', 'admin 2', 'Added subject Python1'),
(30, '2023-03-19 11:36:14', 'admin 2', 'Added subject HR management'),
(31, '2023-03-19 11:37:31', 'admin 2', 'Added subject HR'),
(32, '2023-03-19 15:35:56', 'admin 2', 'Added subject Programming in Java'),
(33, '2023-03-19 15:37:14', 'admin 2', 'Added subject Resource Management Techniques'),
(34, '2023-03-19 15:38:11', 'admin 2', 'Added subject Cloud Computing'),
(35, '2023-03-19 15:39:22', 'admin 2', 'Added subject Mobile Application Development '),
(36, '2023-03-19 15:40:10', 'admin 2', 'Added subject Introduction to Data Science'),
(37, '2023-03-19 15:40:56', 'admin 2', 'Added subject Communication Skills Laboratory '),
(38, '2023-03-19 15:41:53', 'admin 2', 'Added subject Advanced Technology Laboratory(Cloud/Mobile/Data Science) '),
(39, '2023-03-19 15:42:14', 'admin 2', 'Added subject '),
(40, '2023-03-19 15:42:44', 'admin 2', 'Added subject Programming in JAVA Laboratory '),
(41, '2023-03-19 16:12:34', 'admin 2', 'Added subject  International Business Management'),
(42, '2023-03-19 16:13:08', 'admin 2', 'Added subject  Marketing Management'),
(43, '2023-03-19 16:13:40', 'admin 2', 'Added subject  Financial Management'),
(44, '2023-03-19 16:14:08', 'admin 2', 'Added subject  Human Resources Managemen'),
(45, '2023-03-19 16:15:11', 'admin 2', 'Added subject  Production and Operations  Management'),
(46, '2023-03-19 16:16:33', 'admin 2', 'Added subject  Entrepreneurship Development'),
(47, '2023-03-19 16:17:07', 'admin 2', 'Added subject  Strategic Management'),
(48, '2023-03-19 16:17:39', 'admin 2', 'Added subject Current Affairs in Business'),
(49, '2023-03-19 16:17:50', 'admin 2', 'Added subject '),
(50, '2023-03-19 16:18:10', 'admin 2', 'Added subject Computers and Business Application  Lab'),
(51, '2023-03-19 16:52:56', 'admin 2', 'Added subject ml');

-- --------------------------------------------------------

--
-- Table structure for table `addcontent`
--

CREATE TABLE `addcontent` (
  `sno` int(11) NOT NULL,
  `department` varchar(100) NOT NULL,
  `subjectname` varchar(100) NOT NULL,
  `semester` varchar(100) NOT NULL,
  `modules` varchar(100) NOT NULL,
  `session` varchar(100) NOT NULL,
  `video` varchar(100) NOT NULL,
  `flipbook` varchar(100) NOT NULL,
  `assessment` varchar(100) NOT NULL
) ENGINE=InnoDB DEFAULT CHARSET=utf8mb4 COLLATE=utf8mb4_general_ci;

--
-- Dumping data for table `addcontent`
--

INSERT INTO `addcontent` (`sno`, `department`, `subjectname`, `semester`, `modules`, `session`, `video`, `flipbook`, `assessment`) VALUES
(1, 'MBA', 'ds', '1', '', '1', 'aa', 'aa', 'aa'),
(2, 'MBA', 'java', '2', '', '1', 'xxx', 'xxx', 'xxx'),
(3, 'MCA', 'c', '1', '1', '1', 'xxx', 'xxx', 'xxx'),
(4, 'MCA', 'c++', '2', '2', '2', 'xx', 'xx', 'xx'),
(5, 'MCA', 'c++', '2', '2', '2', 'xx', 'xx', 'xx'),
(6, 'MCA', 'ds', '3', '1', '1', 'xxx', 'xxxx', 'xxx'),
(7, 'MBA', 'hr', '1', '1', '1', 'xxx', 'xxx', 'xxx'),
(8, 'MBA', 'hr', '1', '1', '1', 'xxx', 'xxx', 'xxx');

-- --------------------------------------------------------

--
-- Table structure for table `admin`
--

CREATE TABLE `admin` (
  `id` int(20) NOT NULL,
  `name` varchar(20) NOT NULL,
  `registernumber` int(20) NOT NULL,
  `email` varchar(255) NOT NULL,
  `password` varchar(20) DEFAULT NULL,
  `image` varchar(100) DEFAULT NULL,
  `status` varchar(255) NOT NULL
) ENGINE=InnoDB DEFAULT CHARSET=utf8mb4 COLLATE=utf8mb4_general_ci;

--
-- Dumping data for table `admin`
--

INSERT INTO `admin` (`id`, `name`, `registernumber`, `email`, `password`, `image`, `status`) VALUES
(1, 'ad1', 9876, 'ad1@gmail.com', '123456789', '6410c8d594527picmba.jpg', 'registered'),
(2, 'admin 2', 99, 'ad3@gmail.com', 'ad3', '6415b84ab5302admin-icon-male-person-profile-avatar-with-gear-vector-25811110.jpg', ''),
(15, 'admin123', 123, 'ad@gmail.com', '123456789', '', ''),
(16, 'adddd', 32456, 'ad@gmail.com', '123456789', '', 'registered'),
(17, 'admin4', 123456, 'admin4@gmail.com', '', '', ''),
(18, 'admin8989', 3235, 'am@gmail.com', '', '', ''),
(19, 'admin7', 878768, 'a7@gmail.com', NULL, NULL, ''),
(20, 'ad', 0, 'ad@gmail.com', '123456789', NULL, ''),
(21, 'Muzu Admin', 7888, 'muzuadmin@gmail.com', '123456789', NULL, 'registered'),
(22, 'newadmin', 111999, 'new@gmail.com', NULL, NULL, 'unregistered'),
(23, 'new', 1199, 'newa@gmail.com', '123456789', NULL, 'registered'),
(24, 'admincres', 2233, 'cres@gmail.com', '123456789', NULL, 'registered');

-- --------------------------------------------------------

--
-- Table structure for table `announcement`
--

CREATE TABLE `announcement` (
  `id` int(11) NOT NULL,
  `department` varchar(255) NOT NULL,
  `announcement` varchar(255) NOT NULL
) ENGINE=InnoDB DEFAULT CHARSET=utf8mb4 COLLATE=utf8mb4_general_ci;

--
-- Dumping data for table `announcement`
--

INSERT INTO `announcement` (`id`, `department`, `announcement`) VALUES
(1, 'MCA', 'welcome mca students'),
(3, 'MBA', 'welcome mba student'),
(4, 'MBA', 'welcome students'),
(5, 'MCA', 'hiiii'),
(6, 'MCA', 'welcome'),
(7, 'MCA', 'hii'),
(8, 'MCA', 'hii'),
(9, 'MCA', 'hii'),
(10, 'MCA', 'WELCOME TO ADMIN DASHBOARD'),
(11, 'MCA', 'welcome..');

-- --------------------------------------------------------

--
-- Table structure for table `choices`
--

CREATE TABLE `choices` (
  `id` int(11) NOT NULL,
  `question_number` int(11) NOT NULL,
  `is_correct` tinyint(1) NOT NULL DEFAULT 0,
  `text` text NOT NULL,
  `semester` int(11) NOT NULL,
  `subject_id` int(11) NOT NULL,
  `unit` int(11) NOT NULL,
  `session` int(11) NOT NULL
) ENGINE=InnoDB DEFAULT CHARSET=utf8mb4 COLLATE=utf8mb4_general_ci;

--
-- Dumping data for table `choices`
--

INSERT INTO `choices` (`id`, `question_number`, `is_correct`, `text`, `semester`, `subject_id`, `unit`, `session`) VALUES
(61, 1, 0, 'Personal hypertext processor', 1, 35, 1, 1),
(62, 1, 0, 'Private Homepage', 1, 35, 1, 1),
(63, 1, 1, 'PHP: Hyper text preprocessor', 1, 35, 1, 1),
(64, 2, 1, '__LINE__', 1, 35, 1, 1),
(65, 2, 0, '__FILE__', 1, 35, 1, 1),
(66, 2, 0, '__FUNCTION__', 1, 35, 1, 1),
(67, 3, 0, 'Break', 1, 35, 1, 1),
(68, 3, 1, 'Continue', 1, 35, 1, 1),
(77, 1, 0, 'm', 2, 88, 1, 1),
(78, 1, 0, 'b', 2, 88, 1, 1),
(79, 1, 1, 'mba', 2, 88, 1, 1),
(80, 1, 0, 'a', 2, 88, 1, 1);

-- --------------------------------------------------------

--
-- Table structure for table `ebook`
--

CREATE TABLE `ebook` (
  `id` int(11) NOT NULL,
  `subject_id` int(11) NOT NULL,
  `unit` int(11) NOT NULL,
  `session_id` int(11) NOT NULL,
  `ebook_link` varchar(225) NOT NULL
) ENGINE=InnoDB DEFAULT CHARSET=utf8mb4 COLLATE=utf8mb4_general_ci;

-- --------------------------------------------------------

--
-- Table structure for table `faculty`
--

CREATE TABLE `faculty` (
  `id` int(20) NOT NULL,
  `name` varchar(20) NOT NULL,
  `registernumber` int(20) NOT NULL,
  `department` varchar(20) NOT NULL,
  `email` varchar(255) NOT NULL,
  `password` varchar(20) DEFAULT NULL,
  `status` varchar(20) DEFAULT NULL,
  `phonenumber` int(20) NOT NULL,
  `year` varchar(20) NOT NULL,
  `image` varchar(255) NOT NULL,
  `semester` int(11) NOT NULL,
  `sem` varchar(255) NOT NULL
) ENGINE=InnoDB DEFAULT CHARSET=utf8mb4 COLLATE=utf8mb4_general_ci;

--
-- Dumping data for table `faculty`
--

INSERT INTO `faculty` (`id`, `name`, `registernumber`, `department`, `email`, `password`, `status`, `phonenumber`, `year`, `image`, `semester`, `sem`) VALUES
(1, 'Fac 1', 4321, 'MBA', 'srini@gmail.com', '1234', 'registered', 0, '', '641711595a785mbaaa.jpg', 2, 'even'),
(2, 'faculty1', 0, 'MBA', 'fac@gmail.com', '', '', 2147483647, '2022', '', 0, ''),
(3, 'faculty1', 0, 'MBA', 'fac@gmail.com', '', '', 2147483647, '2022', '', 0, ''),
(4, 'priya2', 1011, 'MBA', 'priya2@gmail.com', '', '', 2147483647, '2022', '', 0, ''),
(11, 'faculty2', 2424567, 'MBA', 'fa@gmail.com', NULL, NULL, 1234567, '2023', '', 0, ''),
(12, 'fac', 99998888, 'MCA', 'fac@gmail.com', NULL, NULL, 767654, '2022-2023', '', 0, ''),
(13, 'fac', 84657, 'MBA', 'fac@gmail.com', '123456789', NULL, 0, '', '', 0, ''),
(14, 'muzu1', 788, 'MCA', 'muzu1@gmail.com', '123456789', 'registered', 123456728, '2023', '', 0, 'odd'),
(15, 'Praveenn', 35, 'MCA', '35@gmail.com', NULL, 'unregistered', 7689543, '2023', '', 2, 'odd'),
(16, 'facccc', 999888777, 'MCA', 'fac@gmail.com', '123456789', 'registered', 7886532, '2023', '', 0, 'even');

-- --------------------------------------------------------

--
-- Table structure for table `mca`
--

CREATE TABLE `mca` (
  `user` varchar(20) NOT NULL,
  `department` varchar(20) NOT NULL,
  `semester` varchar(20) NOT NULL,
  `subject` varchar(20) NOT NULL
) ENGINE=InnoDB DEFAULT CHARSET=utf8mb4 COLLATE=utf8mb4_general_ci;

--
-- Dumping data for table `mca`
--

INSERT INTO `mca` (`user`, `department`, `semester`, `subject`) VALUES
('user', 'MBA', '1', 'ds');

-- --------------------------------------------------------

--
-- Table structure for table `modules`
--

CREATE TABLE `modules` (
  `id` int(20) NOT NULL,
  `name` varchar(255) DEFAULT NULL,
  `video_link` varchar(255) DEFAULT NULL,
  `subject_id` int(20) DEFAULT NULL,
  `session_id` int(20) DEFAULT NULL,
  `unit` int(11) NOT NULL
) ENGINE=InnoDB DEFAULT CHARSET=utf8mb4 COLLATE=utf8mb4_general_ci;

--
-- Dumping data for table `modules`
--

INSERT INTO `modules` (`id`, `name`, `video_link`, `subject_id`, `session_id`, `unit`) VALUES
(3, 'SESSION 1', 'videoo.mp4', 35, 1, 1),
(4, 'SESSION 1', 'videoplayback.mp4', 35, 1, 2),
(5, 'SESSION 1', 'video2.mp4', 35, 1, 1),
(6, 'SESSION 1', 'video3.mp4', 35, 1, 2),
(7, 'SESSION 2', 'video3.mp4', 35, 2, 0),
(8, 'Session 1', 'videoo.mp4', 36, 7, 0),
(10, 'Session 1', 'videoo.mp4', 37, 11, 0),
(20, 'session 3', 'videos/WhatsApp Video 2023-03-04 at 16.32.05.mp4', 35, 3, 0),
(36, '4', 'videos/WhatsApp Video 2023-03-04 at 16.32.05.mp4', 35, 4, 0),
(37, '4', 'videos/WhatsApp Video 2023-03-01 at 12.18.04 (1).mp4', 35, 4, 0),
(38, '1', 'videos/WhatsApp Video 2023-03-04 at 16.30.35.mp4', 36, 7, 0),
(39, '1', 'videos/WhatsApp Video 2023-03-04 at 16.30.35.mp4', 44, 12, 0),
(41, '1', 'videos/WhatsApp Video 2023-03-04 at 16.32.05.mp4', 35, 1, 1),
(42, '1', 'videos/WhatsApp Video 2023-03-04 at 16.30.35.mp4', 37, 1, 0),
(43, '1', 'videos/WhatsApp Video 2023-03-04 at 16.30.35.mp4', 37, 1, 0),
(44, 'Session 1', 'videos/WhatsApp Video 2023-03-01 at 12.18.04 (1).mp4', 35, 1, 2),
(45, 'Session 1', 'videos/videoplayback.mp4', 35, 1, 3),
(46, 'Session 1', 'videos/WhatsApp Video 2023-03-04 at 16.32.05.mp4', 78, 1, 1),
(47, 'Session 1', 'videos/WhatsApp Video 2023-03-04 at 16.30.35.mp4', 35, 2, 1),
(48, 'Session 2', 'videos/WhatsApp Video 2023-03-01 at 12.18.04 (1).mp4', 79, 1, 1),
(49, 'Session 1', 'videos/WhatsApp Video 2023-03-04 at 16.30.35.mp4', 42, 1, 1),
(50, '', 'videos/', 0, 0, 0);

-- --------------------------------------------------------

--
-- Table structure for table `password_reset_log`
--

CREATE TABLE `password_reset_log` (
  `user_otp` int(11) NOT NULL,
  `email` varchar(100) NOT NULL,
  `user_id` int(11) DEFAULT NULL,
  `user_table` varchar(100) DEFAULT NULL,
  `status` varchar(10) NOT NULL DEFAULT 'A',
  `id` int(11) NOT NULL
) ENGINE=InnoDB DEFAULT CHARSET=utf8mb4 COLLATE=utf8mb4_general_ci;

--
-- Dumping data for table `password_reset_log`
--

INSERT INTO `password_reset_log` (`user_otp`, `email`, `user_id`, `user_table`, `status`, `id`) VALUES
(813141, 'snekh@gmail.com', 29, 'student', 'A', 1),
(399436, 'snekh@gmail.com', 29, 'student', 'A', 2),
(965977, 'snekh@gmail.com', 29, 'student', 'A', 3),
(874318, 'snekh@gmail.com', 29, 'student', 'A', 4),
(985013, 'snekh@gmail.com', 29, 'student', 'A', 5),
(333112, 'snekh@gmail.com', 29, 'student', 'A', 6),
(573335, 'snekh@gmail.com', 29, 'student', 'A', 7),
(636144, 'snekh@gmail.com', 29, 'student', 'A', 8),
(645069, 'snekh@gmail.com', 29, 'student', 'A', 9),
(434501, 'snekhasridhar@gmail.com', 29, 'student', 'A', 10),
(399856, 'snekhasridhar@gmail.com', 29, 'student', 'A', 11),
(959575, 'snekhasridhar@gmail.com', 1, 'student', 'A', 12),
(839985, 'snekhasridhar@gmail.com', 1, 'student', 'A', 13),
(381567, 'snekhasridhar@gmail.com', 1, 'student', 'A', 14);

-- --------------------------------------------------------

--
-- Table structure for table `questions`
--

CREATE TABLE `questions` (
  `id` int(11) NOT NULL,
  `question_number` int(11) NOT NULL,
  `text` text NOT NULL,
  `semester` int(11) NOT NULL,
  `subject_id` int(11) NOT NULL,
  `unit` int(11) NOT NULL,
  `session` int(11) NOT NULL
) ENGINE=InnoDB DEFAULT CHARSET=utf8mb4 COLLATE=utf8mb4_general_ci;

--
-- Dumping data for table `questions`
--

INSERT INTO `questions` (`id`, `question_number`, `text`, `semester`, `subject_id`, `unit`, `session`) VALUES
(22, 1, 'What does PHP stands for ?', 1, 35, 1, 1),
(23, 2, 'Which of the following Magic Constant of PHP returns current line', 1, 35, 1, 1),
(24, 3, 'Which of the following keyword causes the loop to skip the remainder of its body and immediately retest its condition prior to reiterating?', 1, 35, 1, 1),
(25, 1, 'hello', 1, 71, 1, 1),
(26, 1, 'hello', 1, 78, 1, 1),
(27, 1, 'MBA', 2, 88, 1, 1);

-- --------------------------------------------------------

--
-- Table structure for table `quiz`
--

CREATE TABLE `quiz` (
  `id` int(255) NOT NULL,
  `que` text NOT NULL,
  `option 1` varchar(222) NOT NULL,
  `option 2` varchar(222) NOT NULL,
  `option 3` varchar(222) NOT NULL,
  `option 4` varchar(222) NOT NULL,
  `ans` varchar(222) NOT NULL,
  `userans` text DEFAULT NULL
) ENGINE=InnoDB DEFAULT CHARSET=utf8mb4 COLLATE=utf8mb4_general_ci;

--
-- Dumping data for table `quiz`
--

INSERT INTO `quiz` (`id`, `que`, `option 1`, `option 2`, `option 3`, `option 4`, `ans`, `userans`) VALUES
(1, 'What does PHP stand for?', 'Preprocessed Hypertext Page', 'Hypertext Markup Language', 'Hypertext Preprocessor', 'Hypertext Transfer Protocol', 'Hypertext Preprocessor', 'Hypertext Markup Language'),
(2, 'What will be the value of $var? ', '0', '1', '2', 'NULL', '0', '0'),
(3, ' ____________ function in PHP Returns a list of response headers sent (or ready to send)', 'header', 'headers_list', 'header_sent', 'header_send', 'headers_list', 'header'),
(4, 'Which of the following is the Server Side Scripting Language?', 'HTML', 'CSS', 'JS', 'PHP', 'PHP', 'HTML'),
(5, 'From which website you download this source code?', 'Softglobe.net', 'w3school.com', 'technopoints.co.in', 'php.net', 'technopoints.co.in', 'Softglobe.net');

-- --------------------------------------------------------

--
-- Table structure for table `session`
--

CREATE TABLE `session` (
  `Id` bigint(20) NOT NULL,
  `name` varchar(255) DEFAULT NULL,
  `ebook_link` text DEFAULT NULL,
  `assessment_link` text DEFAULT NULL,
  `subject_id` bigint(20) DEFAULT NULL,
  `unit` int(11) NOT NULL,
  `session_id` int(11) NOT NULL
) ENGINE=InnoDB DEFAULT CHARSET=utf8mb4 COLLATE=utf8mb4_general_ci;

--
-- Dumping data for table `session`
--

INSERT INTO `session` (`Id`, `name`, `ebook_link`, `assessment_link`, `subject_id`, `unit`, `session_id`) VALUES
(36, 'Session 1', 'https://heyzine.com/flip-book/6201c2f11a.html#page/1', NULL, 35, 1, 1),
(37, 'Session 1', 'https://heyzine.com/flip-book/6201c2f11a.html#page/1', NULL, 79, 1, 1),
(38, 'Session 1', 'xaxa', NULL, 35, 3, 1);

-- --------------------------------------------------------

--
-- Table structure for table `student`
--

CREATE TABLE `student` (
  `id` int(15) NOT NULL,
  `name` varchar(225) NOT NULL,
  `registernumber` int(15) NOT NULL,
  `department` varchar(225) NOT NULL,
  `email` varchar(225) NOT NULL,
  `password` varchar(225) DEFAULT NULL,
  `status` varchar(225) NOT NULL,
  `phonenumber` int(15) NOT NULL,
  `year` varchar(225) NOT NULL,
  `verify_token` varchar(220) DEFAULT NULL,
  `semester` int(255) DEFAULT NULL,
  `image` varchar(255) DEFAULT NULL
) ENGINE=InnoDB DEFAULT CHARSET=utf8mb4 COLLATE=utf8mb4_general_ci;

--
-- Dumping data for table `student`
--

INSERT INTO `student` (`id`, `name`, `registernumber`, `department`, `email`, `password`, `status`, `phonenumber`, `year`, `verify_token`, `semester`, `image`) VALUES
(1, 'snkeha', 103, 'MBA', 'snekhasridhar@gmail.com', '123456789', 'registered', 0, '', '444a148b83f82ed5ce537d4b804c85c8', 1, '640b506eb8909male-student-graduation-avatar-profile-vector-12055254.jpg'),
(2, 'Nandhini.S', 81, 'MCA', 'nandhini@gmail.com', '123456789', 'registered', 0, '', '', 2, '640f2fdb7a05fsem image.jpg'),
(8, 'sttu', 2147483647, 'MBA', 'nandheny.engg@yahoo.com', '', '', 2147483647, '2022-2023', '', 0, ''),
(9, 'faculty', 6789, 'MCA', 'f@gmail.com', '', '', 765489321, '2022-2023', '', 0, ''),
(10, 'admin4', 12345, '', 'admin4@gmail.com', '', '', 0, '', '', 0, ''),
(11, 'admin4', 12345, '', 'admin4@gmail.com', '', '', 0, '', '', 0, ''),
(12, 'admin4', 12345, '', 'admin4@gmail.com', '', '', 0, '', '', 0, ''),
(27, 'arish', 36, 'MCA', '63@gmail.com', '123456789', 'registered', 99999, '2022-2023', NULL, 1, NULL),
(28, 'rish', 663, 'MCA', '6262@gmail.com', '123456789', '', 0, '', NULL, 1, NULL),
(29, 'snekha', 7788765, 'MBA', 'snekh@gmail.com', '123456789', '', 0, '', NULL, 1, NULL),
(30, 'nandhini', 99999, 'MCA', 'n@gmail.com', '123456789', '', 0, '', NULL, 1, NULL),
(31, 'Priya', 646464, 'MCA', 'p@gmail.com', '123456789', 'registered', 1234567896, '2022-2023', NULL, 1, NULL),
(32, 'muzu', 78, 'MCA', 'muzu@gmail.com', '123456789', 'registered', 2147483647, '2023', NULL, 1, NULL);

-- --------------------------------------------------------

--
-- Table structure for table `subject`
--

CREATE TABLE `subject` (
  `id` int(11) NOT NULL,
  `name` varchar(255) NOT NULL,
  `course_code` varchar(255) DEFAULT NULL,
  `description` text DEFAULT NULL,
  `semester` int(10) DEFAULT NULL,
  `created_date` timestamp NOT NULL DEFAULT current_timestamp(),
  `department` varchar(255) DEFAULT NULL,
  `session` varchar(255) DEFAULT NULL,
  `video_content` varchar(255) DEFAULT NULL,
  `flip_book` varchar(255) DEFAULT NULL,
  `assessment` varchar(255) DEFAULT NULL,
  `subject_image` varchar(255) NOT NULL
) ENGINE=InnoDB DEFAULT CHARSET=utf8mb4 COLLATE=utf8mb4_general_ci;

--
-- Dumping data for table `subject`
--

INSERT INTO `subject` (`id`, `name`, `course_code`, `description`, `semester`, `created_date`, `department`, `session`, `video_content`, `flip_book`, `assessment`, `subject_image`) VALUES
(35, 'Mathematical foundation for Computer applications\r\n', 'MAD 6188', 'Maths subject \r\n', 1, '2023-02-20 06:54:27', 'MCA', '1', 'xxx', 'xxx', 'xxx', 'maths.jpeg'),
(36, 'Computer Organization and Operating system', 'CAD6121', NULL, 1, '2023-02-20 06:55:29', 'MCA', '1', 'xxx', 'xxx', 'xxxx', 'coos.jpg'),
(37, 'Database Management \r\nSystems', 'CAD 6122', NULL, 1, '2023-02-20 06:56:58', 'MCA', '1', 'xxx', 'xxx', 'xxx', 'DBMS.png'),
(38, 'Computer\r\nNetworks', 'CAD 6123', NULL, 1, '2023-02-20 06:58:37', 'MCA', '1', 'xxx', 'xxx', 'xxx', 'computer-networking.jpg'),
(39, 'Data Structure', 'CAD 6124', NULL, 1, '2023-02-20 06:59:47', 'MCA', '1', 'xxx', 'xxx', 'xxx', 'ds.jpg'),
(40, 'C prog', 'CAD 6127', 'coos subject', 4, '2023-02-20 07:01:17', 'MCA', '1', 'xxx', 'xxx', 'xxx', ''),
(42, 'java 2', 'C1111', 'java subject', 3, '2023-02-20 12:02:50', 'MCA', '1', 'xxx', 'xxx', 'xxx', ''),
(55, 'java2', 'c1212', NULL, 1, '2023-03-13 20:00:46', 'MCA', NULL, NULL, NULL, NULL, 'mca3.jpg'),
(75, 'java3', 'c4567', NULL, 1, '2023-03-18 13:33:38', 'MCA', '', '', '', '', 'mca4.jpg'),
(78, 'HR', 'c2345', NULL, 1, '2023-03-19 11:36:14', 'MBA', NULL, NULL, NULL, NULL, 'mca4.jpg'),
(79, 'Programming in Java', 'CAD6221', NULL, 2, '2023-03-19 15:35:56', 'MCA', NULL, NULL, NULL, NULL, 'mcaimg.png'),
(80, 'Resource Management Techniques', 'CAD 6222', NULL, 2, '2023-03-19 15:37:14', 'MCA', NULL, NULL, NULL, NULL, 'rmt.jpg'),
(81, 'Cloud Computing', 'CAD 6223', NULL, 2, '2023-03-19 15:38:11', 'MCA', NULL, NULL, NULL, NULL, 'cloudimg.png'),
(82, 'Mobile Application Development ', 'CAD 622', NULL, 2, '2023-03-19 15:39:22', 'MCA', NULL, NULL, NULL, NULL, 'mob.jpg'),
(83, 'Introduction to Data Science', ' CAD 6225', NULL, 2, '2023-03-19 15:40:10', 'MCA', NULL, NULL, NULL, NULL, 'mca1.jpg'),
(84, 'Communication Skills Laboratory ', 'CAD 6226', NULL, 2, '2023-03-19 15:40:56', 'MCA', NULL, NULL, NULL, NULL, 'Communication.png'),
(85, 'Advanced Technology Laboratory ', 'CAD 6227', NULL, 2, '2023-03-19 15:41:53', 'MCA', NULL, NULL, NULL, NULL, 'mca2.jpg'),
(86, '', '', NULL, 0, '2023-03-19 15:42:14', '', NULL, NULL, NULL, NULL, ''),
(87, 'Programming in JAVA Laboratory ', 'CAD 6228', NULL, 2, '2023-03-19 15:42:44', 'MCA', NULL, NULL, NULL, NULL, 'mca1.jpg'),
(88, ' International Business Management', 'MSD 6201', NULL, 2, '2023-03-19 16:12:34', 'MBA', NULL, NULL, NULL, NULL, 'international.jpg'),
(89, ' Marketing Management', 'MSD 6202', NULL, 2, '2023-03-19 16:13:08', 'MBA', NULL, NULL, NULL, NULL, 'marketing.png'),
(90, ' Financial Management', 'MSD 6203', NULL, 2, '2023-03-19 16:13:40', 'MBA', NULL, NULL, NULL, NULL, 'finanical.jpg'),
(91, ' Human Resources Managemen', 'MSD 6204', NULL, 2, '2023-03-19 16:14:08', 'MBA', NULL, NULL, NULL, NULL, 'Human Resource Management.png'),
(92, ' Production and Operations  Management', 'MSD 6205', NULL, 2, '2023-03-19 16:15:11', 'MBA', NULL, NULL, NULL, NULL, 'production.jpg'),
(93, ' Entrepreneurship Development', 'MSD 6206', NULL, 2, '2023-03-19 16:16:33', 'MBA', NULL, NULL, NULL, NULL, 'mbalab.jpg'),
(94, ' Strategic Management', ' MSD 6207', NULL, 2, '2023-03-19 16:17:07', 'MBA', NULL, NULL, NULL, NULL, 'mca1.jpg'),
(95, 'Current Affairs in Business', 'MSD 6208 ', NULL, 2, '2023-03-19 16:17:39', 'MBA', NULL, NULL, NULL, NULL, 'mca4.jpg'),
(98, 'ml', 'ccccc', NULL, 1, '2023-03-19 16:52:56', 'MCA', NULL, NULL, NULL, NULL, 'mca1.jpg');

-- --------------------------------------------------------

--
-- Table structure for table `subject_unit`
--

CREATE TABLE `subject_unit` (
  `id` int(11) NOT NULL,
  `subject_id` int(11) NOT NULL,
  `unit_id` int(11) NOT NULL,
  `image_url` varchar(225) NOT NULL
) ENGINE=InnoDB DEFAULT CHARSET=utf8mb4 COLLATE=utf8mb4_general_ci;

--
-- Dumping data for table `subject_unit`
--

INSERT INTO `subject_unit` (`id`, `subject_id`, `unit_id`, `image_url`) VALUES
(1, 35, 1, 'mca1.jpg'),
(2, 35, 2, 'mca2.jpg'),
(3, 35, 3, 'mca4.jpg'),
(4, 35, 4, 'mca4.jpg'),
(5, 35, 5, 'coos.jpg'),
(10, 36, 1, 'mca1.jpg'),
(11, 36, 2, 'mca2.jpg'),
(12, 78, 1, 'mca2.jpg'),
(13, 78, 1, 'mca4.jpg'),
(14, 78, 3, 'mca1.jpg'),
(15, 78, 4, 'mca3.jpg'),
(16, 79, 1, 'mca2.jpg'),
(17, 0, 0, ''),
(18, 79, 2, 'mca3.jpg'),
(19, 79, 3, 'mca4.jpg'),
(20, 79, 4, 'mca1.jpg'),
(21, 79, 5, 'mca1.jpg');

-- --------------------------------------------------------

--
-- Table structure for table `superadmin`
--

CREATE TABLE `superadmin` (
  `id` int(20) NOT NULL,
  `username` varchar(20) NOT NULL,
  `registernumber` int(11) NOT NULL,
  `password` varchar(10) NOT NULL,
  `image` varchar(255) NOT NULL
) ENGINE=InnoDB DEFAULT CHARSET=utf8mb4 COLLATE=utf8mb4_general_ci;

--
-- Dumping data for table `superadmin`
--

INSERT INTO `superadmin` (`id`, `username`, `registernumber`, `password`, `image`) VALUES
(1, 'admin1', 11, '1234', '6411500ed617bmbaaaaa.jpg'),
(2, 'admin2', 12, '5678', '6412cf4f4d55bmbapic.jpg');

-- --------------------------------------------------------

--
-- Table structure for table `user_log`
--

CREATE TABLE `user_log` (
  `id` int(11) NOT NULL,
  `reg_no` varchar(255) NOT NULL,
  `logged_time` timestamp(6) NOT NULL DEFAULT current_timestamp(6) ON UPDATE current_timestamp(6)
) ENGINE=InnoDB DEFAULT CHARSET=utf8mb4 COLLATE=utf8mb4_general_ci;

--
-- Dumping data for table `user_log`
--

INSERT INTO `user_log` (`id`, `reg_no`, `logged_time`) VALUES
(1, '81', '2023-03-18 07:46:34.000000'),
(2, '81', '2023-03-18 07:51:00.000000'),
(3, '81', '2023-03-18 08:53:13.000000'),
(4, '81', '2023-03-18 08:54:34.000000'),
(5, '81', '2023-03-18 10:07:45.000000'),
(6, '81', '2023-03-18 10:45:15.000000'),
(7, '99', '2023-03-18 10:45:26.000000'),
(8, '7888', '2023-03-18 11:15:53.000000'),
(9, '99', '2023-03-18 11:19:38.000000'),
(10, '9876', '2023-03-18 11:27:48.000000'),
(11, '123', '2023-03-18 11:28:17.000000'),
(12, '99', '2023-03-18 13:05:14.000000'),
(13, '99', '2023-03-18 14:06:52.000000'),
(14, '99', '2023-03-18 17:25:05.000000'),
(15, '99', '2023-03-18 17:51:39.000000'),
(16, '99', '2023-03-19 05:18:03.000000'),
(17, '99', '2023-03-19 05:48:54.000000'),
(18, '99', '2023-03-19 06:02:27.000000'),
(19, '99', '2023-03-19 07:21:30.000000'),
(20, '99', '2023-03-19 09:57:55.000000'),
(21, '99', '2023-03-19 10:06:57.000000'),
(22, '81', '2023-03-19 10:10:22.000000'),
(23, '99', '2023-03-19 10:12:12.000000'),
(24, '99', '2023-03-19 10:33:42.000000'),
(25, '99', '2023-03-19 10:34:55.000000'),
(26, '99', '2023-03-19 10:42:10.000000'),
(27, '99', '2023-03-19 10:57:59.000000'),
(28, '99', '2023-03-19 11:35:08.000000'),
(29, '99', '2023-03-19 11:49:28.000000'),
(30, '99', '2023-03-19 12:00:21.000000'),
(31, '81', '2023-03-19 12:14:25.000000'),
(32, '99', '2023-03-19 12:15:20.000000'),
(33, '99', '2023-03-19 12:22:48.000000'),
(34, '99', '2023-03-19 12:25:05.000000'),
(35, '99', '2023-03-19 12:35:34.000000'),
(36, '81', '2023-03-19 12:45:59.000000'),
(37, '103', '2023-03-19 12:48:47.000000'),
(38, '103', '2023-03-19 12:51:00.000000'),
(39, '103', '2023-03-19 12:51:43.000000'),
(40, '81', '2023-03-19 12:53:08.000000'),
(41, '81', '2023-03-19 12:58:45.000000'),
(42, '81', '2023-03-19 13:16:05.000000'),
(43, '81', '2023-03-19 13:17:01.000000'),
(44, '81', '2023-03-19 13:19:26.000000'),
(45, '103', '2023-03-19 13:22:19.000000'),
(46, '103', '2023-03-19 13:22:53.000000'),
(47, '103', '2023-03-19 13:24:14.000000'),
(48, '103', '2023-03-19 13:26:07.000000'),
(49, '103', '2023-03-19 13:28:58.000000'),
(50, '103', '2023-03-19 13:30:48.000000'),
(51, '99', '2023-03-19 13:31:45.000000'),
(52, '4321', '2023-03-19 13:35:52.000000'),
(53, '4321', '2023-03-19 13:39:03.000000'),
(54, '4321', '2023-03-19 13:41:13.000000'),
(55, '4321', '2023-03-19 13:50:44.000000'),
(56, '84657', '2023-03-19 13:53:21.000000'),
(57, '4321', '2023-03-19 14:02:57.000000'),
(58, '4321', '2023-03-19 14:04:14.000000'),
(59, '4321', '2023-03-19 14:11:04.000000'),
(60, '4321', '2023-03-19 14:16:32.000000'),
(61, '4321', '2023-03-19 14:17:55.000000'),
(62, '81', '2023-03-19 14:52:08.000000'),
(63, '4321', '2023-03-19 14:58:38.000000'),
(64, '4321', '2023-03-19 15:01:30.000000'),
(65, '4321', '2023-03-19 15:03:28.000000'),
(66, '4321', '2023-03-19 15:14:46.000000'),
(67, '4321', '2023-03-19 15:20:06.000000'),
(68, '4321', '2023-03-19 15:22:48.000000'),
(69, '4321', '2023-03-19 15:25:56.000000'),
(70, '99', '2023-03-19 15:26:47.000000'),
(71, '81', '2023-03-19 16:05:28.000000'),
(72, '4321', '2023-03-19 16:07:07.000000'),
(73, '4321', '2023-03-19 16:07:55.000000'),
(74, '99', '2023-03-19 16:08:34.000000'),
(75, '81', '2023-03-19 16:40:23.000000'),
(76, '99', '2023-03-19 16:41:14.000000'),
(77, '99', '2023-03-19 16:52:10.000000'),
(78, '81', '2023-03-19 16:53:28.000000'),
(79, '99', '2023-03-20 05:17:49.000000'),
(80, '99', '2023-03-20 05:26:12.000000'),
(81, '99', '2023-03-20 05:35:30.000000'),
(82, '99', '2023-03-20 10:50:53.000000'),
(83, '99', '2023-03-20 11:28:12.000000'),
(84, '99', '2023-03-21 04:33:19.000000'),
(85, '103', '2023-03-21 04:56:38.000000'),
(86, '103', '2023-03-21 04:58:17.000000'),
(87, '103', '2023-03-21 05:03:19.000000'),
(88, '103', '2023-03-21 05:08:20.000000'),
(89, '103', '2023-03-21 05:10:16.000000'),
(90, '103', '2023-03-21 05:17:23.000000'),
(91, '103', '2023-03-21 05:18:15.000000'),
(92, '103', '2023-03-21 05:19:52.000000'),
(93, '103', '2023-03-21 05:22:08.000000'),
(94, '103', '2023-03-21 05:23:12.000000'),
(95, '103', '2023-03-21 05:47:54.000000'),
(96, '103', '2023-03-21 05:49:37.000000'),
(97, '99', '2023-03-21 05:58:05.000000'),
(98, '103', '2023-03-21 05:58:35.000000'),
(99, '99', '2023-03-21 06:08:08.000000'),
(100, '99', '2023-03-21 06:14:37.000000'),
(101, '99', '2023-03-21 06:20:52.000000'),
(102, '99', '2023-03-21 06:33:13.000000'),
(103, '99', '2023-03-21 06:35:05.000000'),
(104, '99', '2023-03-21 06:40:47.000000'),
(105, '99', '2023-03-21 06:43:18.000000'),
(106, '99', '2023-03-21 06:44:22.000000'),
(107, '103', '2023-03-21 06:53:45.000000'),
(108, '99', '2023-03-21 06:55:19.000000'),
(109, '81', '2023-03-21 06:55:53.000000'),
(110, '81', '2023-03-21 06:59:09.000000'),
(111, '4321', '2023-03-21 07:00:27.000000'),
(112, '99', '2023-03-21 07:07:12.000000'),
(113, '4321', '2023-03-21 07:14:04.000000'),
(114, '99', '2023-03-21 07:18:44.000000'),
(115, '81', '2023-03-21 07:28:58.000000'),
(116, '103', '2023-03-21 07:29:48.000000'),
(117, '99', '2023-03-21 07:30:15.000000'),
(118, '4321', '2023-03-21 07:39:29.000000'),
(119, '99', '2023-03-21 07:41:00.000000'),
(120, '81', '2023-03-21 07:41:20.000000'),
(121, '4321', '2023-03-21 07:42:13.000000'),
(122, '103', '2023-03-21 07:43:46.000000'),
(123, '103', '2023-03-21 07:47:22.000000'),
(124, '4321', '2023-03-21 07:54:32.000000'),
(125, '4321', '2023-03-21 07:58:27.000000'),
(126, '4321', '2023-03-21 08:00:36.000000'),
(127, '4321', '2023-03-21 08:01:32.000000'),
(128, '4321', '2023-03-21 08:04:22.000000'),
(129, '99', '2023-03-21 08:05:56.000000'),
(130, '4321', '2023-03-21 08:07:53.000000'),
(131, '4321', '2023-03-21 08:08:43.000000'),
(132, '4321', '2023-03-21 08:10:16.000000'),
(133, '81', '2023-03-21 08:11:59.000000'),
(134, '103', '2023-03-21 08:12:44.000000'),
(135, '99', '2023-03-21 08:13:25.000000'),
(136, '4321', '2023-03-22 09:37:18.000000'),
(137, '99', '2023-03-22 09:38:09.000000'),
(138, '99', '2023-03-22 12:10:51.000000'),
(139, '4321', '2023-03-22 12:18:51.000000'),
(140, '4321', '2023-03-22 13:33:41.000000'),
(141, '99', '2023-03-22 13:33:56.000000'),
(142, '4321', '2023-03-22 14:06:37.000000'),
(143, '788', '2023-03-22 14:09:41.000000'),
(144, '788', '2023-03-22 14:14:08.000000'),
(145, '4321', '2023-03-22 14:17:16.000000'),
(146, '4321', '2023-03-22 14:21:58.000000'),
(147, '4321', '2023-03-22 14:22:57.000000'),
(148, '4321', '2023-03-22 14:25:12.000000'),
(149, '4321', '2023-03-22 14:25:38.000000'),
(150, '4321', '2023-03-22 14:31:17.000000'),
(151, '4321', '2023-03-22 14:36:18.000000'),
(152, '4321', '2023-03-22 14:40:23.000000'),
(153, '4321', '2023-03-22 14:59:55.000000'),
(154, '788', '2023-03-22 15:03:59.000000'),
(155, '4321', '2023-03-22 15:04:48.000000'),
(156, '788', '2023-03-22 15:05:18.000000'),
(157, '4321', '2023-03-22 15:08:07.000000'),
(158, '788', '2023-03-22 15:08:36.000000'),
(159, '788', '2023-03-22 15:09:48.000000'),
(160, '788', '2023-03-22 15:11:29.000000'),
(161, '4321', '2023-03-22 15:12:23.000000'),
(162, '788', '2023-03-22 15:14:06.000000'),
(163, '4321', '2023-03-22 15:16:16.000000'),
(164, '4321', '2023-03-22 15:20:16.000000'),
(165, '788', '2023-03-22 15:20:35.000000'),
(166, '4321', '2023-03-22 15:23:00.000000'),
(167, '788', '2023-03-22 15:23:29.000000'),
(168, '4321', '2023-03-22 15:24:23.000000'),
(169, '4321', '2023-03-22 15:26:56.000000'),
(170, '4321', '2023-03-22 15:27:31.000000'),
(171, '788', '2023-03-22 15:28:08.000000'),
(172, '4321', '2023-03-22 15:32:24.000000'),
(173, '4321', '2023-03-22 15:34:52.000000'),
(174, '4321', '2023-03-22 15:35:33.000000'),
(175, '4321', '2023-03-22 15:36:39.000000'),
(176, '4321', '2023-03-22 15:37:39.000000'),
(177, '4321', '2023-03-22 15:40:49.000000'),
(178, '4321', '2023-03-22 15:41:22.000000'),
(179, '788', '2023-03-22 15:42:12.000000'),
(180, '4321', '2023-03-22 15:51:28.000000'),
(181, '788', '2023-03-22 15:53:00.000000'),
(182, '4321', '2023-03-22 15:55:29.000000'),
(183, '4321', '2023-03-22 16:14:23.000000'),
(184, '999888777', '2023-03-22 16:18:04.000000'),
(185, '999888777', '2023-03-22 16:19:35.000000'),
(186, '788', '2023-03-22 16:30:02.000000'),
(187, '99', '2023-03-22 17:27:35.000000'),
(188, '4321', '2023-03-22 17:28:04.000000'),
(189, '4321', '2023-03-22 17:35:43.000000');

--
-- Indexes for dumped tables
--

--
-- Indexes for table `activity_log`
--
ALTER TABLE `activity_log`
  ADD PRIMARY KEY (`id`);

--
-- Indexes for table `addcontent`
--
ALTER TABLE `addcontent`
  ADD PRIMARY KEY (`sno`);

--
-- Indexes for table `admin`
--
ALTER TABLE `admin`
  ADD PRIMARY KEY (`id`);

--
-- Indexes for table `announcement`
--
ALTER TABLE `announcement`
  ADD PRIMARY KEY (`id`);

--
-- Indexes for table `choices`
--
ALTER TABLE `choices`
  ADD PRIMARY KEY (`id`);

--
-- Indexes for table `ebook`
--
ALTER TABLE `ebook`
  ADD PRIMARY KEY (`id`);

--
-- Indexes for table `faculty`
--
ALTER TABLE `faculty`
  ADD PRIMARY KEY (`id`);

--
-- Indexes for table `modules`
--
ALTER TABLE `modules`
  ADD PRIMARY KEY (`id`);

--
-- Indexes for table `password_reset_log`
--
ALTER TABLE `password_reset_log`
  ADD PRIMARY KEY (`id`);

--
-- Indexes for table `questions`
--
ALTER TABLE `questions`
  ADD PRIMARY KEY (`id`);

--
-- Indexes for table `session`
--
ALTER TABLE `session`
  ADD PRIMARY KEY (`Id`);

--
-- Indexes for table `student`
--
ALTER TABLE `student`
  ADD PRIMARY KEY (`id`);

--
-- Indexes for table `subject`
--
ALTER TABLE `subject`
  ADD PRIMARY KEY (`id`);

--
-- Indexes for table `subject_unit`
--
ALTER TABLE `subject_unit`
  ADD PRIMARY KEY (`id`);

--
-- Indexes for table `superadmin`
--
ALTER TABLE `superadmin`
  ADD PRIMARY KEY (`id`);

--
-- Indexes for table `user_log`
--
ALTER TABLE `user_log`
  ADD PRIMARY KEY (`id`);

--
-- AUTO_INCREMENT for dumped tables
--

--
-- AUTO_INCREMENT for table `activity_log`
--
ALTER TABLE `activity_log`
  MODIFY `id` int(11) NOT NULL AUTO_INCREMENT, AUTO_INCREMENT=52;

--
-- AUTO_INCREMENT for table `addcontent`
--
ALTER TABLE `addcontent`
  MODIFY `sno` int(11) NOT NULL AUTO_INCREMENT, AUTO_INCREMENT=9;

--
-- AUTO_INCREMENT for table `admin`
--
ALTER TABLE `admin`
  MODIFY `id` int(20) NOT NULL AUTO_INCREMENT, AUTO_INCREMENT=25;

--
-- AUTO_INCREMENT for table `announcement`
--
ALTER TABLE `announcement`
  MODIFY `id` int(11) NOT NULL AUTO_INCREMENT, AUTO_INCREMENT=12;

--
-- AUTO_INCREMENT for table `choices`
--
ALTER TABLE `choices`
  MODIFY `id` int(11) NOT NULL AUTO_INCREMENT, AUTO_INCREMENT=81;

--
-- AUTO_INCREMENT for table `ebook`
--
ALTER TABLE `ebook`
  MODIFY `id` int(11) NOT NULL AUTO_INCREMENT;

--
-- AUTO_INCREMENT for table `faculty`
--
ALTER TABLE `faculty`
  MODIFY `id` int(20) NOT NULL AUTO_INCREMENT, AUTO_INCREMENT=17;

--
-- AUTO_INCREMENT for table `modules`
--
ALTER TABLE `modules`
  MODIFY `id` int(20) NOT NULL AUTO_INCREMENT, AUTO_INCREMENT=51;

--
-- AUTO_INCREMENT for table `password_reset_log`
--
ALTER TABLE `password_reset_log`
  MODIFY `id` int(11) NOT NULL AUTO_INCREMENT, AUTO_INCREMENT=15;

--
-- AUTO_INCREMENT for table `questions`
--
ALTER TABLE `questions`
  MODIFY `id` int(11) NOT NULL AUTO_INCREMENT, AUTO_INCREMENT=28;

--
-- AUTO_INCREMENT for table `session`
--
ALTER TABLE `session`
  MODIFY `Id` bigint(20) NOT NULL AUTO_INCREMENT, AUTO_INCREMENT=39;

--
-- AUTO_INCREMENT for table `student`
--
ALTER TABLE `student`
  MODIFY `id` int(15) NOT NULL AUTO_INCREMENT, AUTO_INCREMENT=34;

--
-- AUTO_INCREMENT for table `subject`
--
ALTER TABLE `subject`
  MODIFY `id` int(11) NOT NULL AUTO_INCREMENT, AUTO_INCREMENT=99;

--
-- AUTO_INCREMENT for table `subject_unit`
--
ALTER TABLE `subject_unit`
  MODIFY `id` int(11) NOT NULL AUTO_INCREMENT, AUTO_INCREMENT=22;

--
-- AUTO_INCREMENT for table `superadmin`
--
ALTER TABLE `superadmin`
  MODIFY `id` int(20) NOT NULL AUTO_INCREMENT, AUTO_INCREMENT=3;

--
-- AUTO_INCREMENT for table `user_log`
--
ALTER TABLE `user_log`
  MODIFY `id` int(11) NOT NULL AUTO_INCREMENT, AUTO_INCREMENT=190;
COMMIT;

/*!40101 SET CHARACTER_SET_CLIENT=@OLD_CHARACTER_SET_CLIENT */;
/*!40101 SET CHARACTER_SET_RESULTS=@OLD_CHARACTER_SET_RESULTS */;
/*!40101 SET COLLATION_CONNECTION=@OLD_COLLATION_CONNECTION */;
